{
  "r2_train": 0.9265067751490551,
  "r2_test": 0.7603134133414731,
  "mae_train": 0.16133063816294235,
  "mae_test": 0.2947417953391971,
  "rmse_test": 0.36787300614265706,
  "n_train": 3200,
  "n_test": 800
}